clase,Proceso,num_cuantia,dep_municipio
0,6,5,331
1,4,5,409
0,6,4,409
0,2,5,409
0,6,4,409
0,7,5,72
0,7,5,72
0,7,5,72
0,7,5,72
0,7,5,72
0,6,5,409
0,2,5,473
0,2,5,473
0,2,5,473
0,2,5,473
0,2,5,473
0,2,5,473
0,2,5,473
0,2,5,473
0,2,5,473
0,2,5,473
0,2,5,473
0,2,5,473
0,2,5,473
0,2,5,473
0,6,5,409
0,6,4,409
0,5,5,476
0,8,4,477
0,6,5,73
0,6,5,73
0,6,5,73
0,6,5,73
0,6,5,73
0,7,5,309
1,6,4,392
0,7,5,285
0,7,5,285
0,7,5,285
0,6,4,409
0,1,1,319
0,4,2,48
0,4,1,114
0,2,2,79
0,4,1,58
0,4,1,79
0,4,2,79
0,2,2,79
0,2,1,79
0,2,1,79
0,4,2,79
0,2,2,79
0,3,1,79
0,3,1,480
0,3,1,79
0,3,1,480
0,3,1,398
0,3,1,79
0,7,1,475
0,3,1,4
0,7,1,475
0,3,1,4
0,3,1,79
0,3,1,481
0,3,1,198
0,3,1,482
0,7,1,79
0,7,1,79
0,7,1,79
0,7,1,79
0,6,1,481
0,3,1,79
0,1,1,79
0,3,1,483
0,1,1,79
0,3,1,483
0,3,1,79
0,1,1,229
0,1,1,229
0,1,1,229
0,1,1,229
0,1,1,229
0,1,1,229
0,1,1,229
0,1,1,485
0,1,1,475
0,1,1,485
0,1,1,485
0,1,1,485
0,1,1,485
0,1,1,485
0,1,1,485
0,1,1,485
0,1,1,485
0,1,1,485
0,1,1,485
0,1,1,485
0,1,1,485
0,1,1,485
0,1,1,485
0,1,1,485
0,1,1,475
0,1,1,485
0,1,1,485
0,7,1,166
0,1,1,485
0,4,2,79
0,8,2,79
0,2,3,79
0,2,2,79
0,4,2,2
0,2,2,79
0,7,3,455
0,4,2,319
0,2,2,79
0,6,3,455
0,7,2,487
0,7,2,487
0,7,2,487
0,7,2,487
0,7,2,487
0,7,2,487
0,7,2,487
0,7,2,487
0,7,2,487
0,4,3,48
0,2,2,79
0,7,3,489
0,7,3,489
0,7,3,489
0,7,3,489
0,7,3,489
0,7,3,489
0,7,3,489
0,7,3,489
0,7,3,489
0,7,3,489
0,4,2,215
0,4,3,250
0,7,2,79
0,8,2,79
0,2,3,491
0,6,3,208
0,1,2,398
0,2,2,159
0,8,2,493
0,2,2,494
0,2,2,494
0,2,2,494
0,2,2,494
0,2,2,494
0,2,2,494
0,2,2,11
0,6,3,208
0,2,2,475
0,2,3,79
0,7,3,65
0,2,3,79
0,2,3,79
0,6,3,320
0,6,3,398
0,4,3,359
0,7,3,79
0,6,3,79
1,4,3,359
0,7,3,79
0,2,3,79
0,7,4,159
0,6,4,98
0,6,4,98
0,6,4,98
0,6,4,98
0,6,4,98
0,6,4,98
0,6,4,98
0,6,4,98
0,6,4,98
0,6,4,98
0,6,4,98
0,6,4,98
0,6,4,98
0,6,4,98
0,6,4,98
0,6,4,98
0,6,4,98
0,6,4,98
0,7,4,79
0,2,4,265
0,1,4,359
0,6,4,4
0,6,4,79
0,1,4,79
0,6,4,483
0,6,5,497
0,6,5,497
0,6,5,497
0,6,5,497
0,6,5,497
0,6,5,497
0,6,5,497
0,6,5,497
0,6,5,497
0,6,5,497
0,6,5,497
0,6,5,497
0,6,5,497
0,6,5,497
0,6,5,497
0,6,5,497
0,6,5,497
0,6,5,497
0,6,5,497
0,6,5,497
0,6,5,497
0,6,5,497
0,6,5,497
0,6,5,497
0,6,5,497
0,6,5,497
0,7,5,79
0,7,5,79
0,2,2,164
0,2,2,164
0,3,1,164
0,4,1,499
0,2,1,1
0,3,1,164
0,1,1,164
0,3,1,425
0,7,1,469
0,3,2,164
0,3,1,478
0,3,1,164
0,3,1,500
0,3,1,164
0,3,1,469
0,7,1,501
0,3,1,272
0,3,1,425
0,3,1,469
0,3,1,164
0,3,1,502
0,3,1,499
0,1,1,502
0,3,1,469
0,3,1,505
0,3,1,164
0,3,1,164
0,3,1,164
0,3,1,507
0,3,1,507
0,2,1,499
0,3,1,499
0,3,1,509
0,7,1,501
0,3,1,164
0,3,1,164
0,2,2,425
0,3,1,164
0,3,1,461
0,3,1,461
0,3,1,461
0,3,1,461
0,3,1,461
0,3,1,505
0,3,1,164
0,3,1,499
0,3,1,499
0,3,1,425
1,3,1,509
0,3,1,502
0,7,2,501
0,1,2,462
0,1,2,462
0,1,2,462
0,1,2,462
0,1,2,462
0,1,2,462
0,1,2,462
0,1,2,462
0,1,2,462
0,1,2,462
0,1,2,462
0,1,2,462
0,1,2,462
0,1,2,462
0,1,2,462
0,3,2,164
0,3,1,164
0,8,2,164
0,2,3,164
0,2,3,164
0,4,2,164
0,4,2,2
0,4,3,178
0,2,2,260
0,2,2,260
0,2,2,260
0,2,2,502
0,4,2,470
0,8,3,501
0,2,2,406
1,5,2,164
0,4,2,164
0,2,2,509
0,2,2,492
0,2,2,492
0,4,2,215
0,4,2,164
0,2,2,164
0,2,2,505
0,2,2,347
0,2,2,347
0,2,2,347
0,2,2,470
0,2,2,11
0,4,2,164
0,1,2,164
0,6,3,478
0,2,2,406
0,2,2,6
0,1,2,164
0,2,2,41
0,1,2,164
0,4,3,499
0,2,3,292
0,2,3,488
0,2,3,488
0,2,3,488
0,6,3,505
0,6,3,164
0,7,3,511
0,6,3,178
1,6,3,50
0,6,4,514
0,6,4,514
0,6,4,514
0,6,4,514
0,6,4,514
0,6,4,514
0,6,4,514
0,6,4,514
0,6,4,514
0,6,4,514
0,6,4,514
0,6,4,164
0,6,4,164
1,6,4,164
0,6,4,470
1,2,4,517
1,2,4,517
1,2,4,517
1,6,4,470
0,6,4,499
0,4,4,164
0,6,4,499
0,6,4,178
0,4,4,425
0,7,4,470
0,5,5,476
0,6,5,73
0,7,5,501
0,7,5,501
0,7,5,285
0,5,4,86
0,4,1,278
0,4,1,519
0,2,1,278
0,4,1,521
0,4,1,521
0,4,1,521
0,4,1,521
0,4,1,521
0,4,1,521
0,4,1,521
0,4,1,521
0,4,1,521
0,4,1,521
0,4,1,521
0,4,1,521
0,4,1,521
0,4,1,521
0,4,1,521
0,4,1,521
0,4,1,521
0,4,1,521
0,4,1,521
0,2,2,521
0,2,2,521
0,2,2,521
0,2,2,521
0,2,2,521
0,2,2,521
0,2,2,521
0,2,2,521
0,2,2,521
0,2,2,521
0,2,2,521
0,2,2,521
0,2,2,521
0,2,2,521
0,2,2,521
0,2,2,521
0,2,2,521
0,2,2,521
0,2,2,521
0,4,2,523
0,4,2,523
0,4,2,523
0,4,2,523
0,4,2,523
0,4,2,523
0,4,2,523
0,4,2,523
0,4,2,523
0,4,2,523
0,4,2,523
0,4,2,523
0,4,2,523
0,4,2,523
0,4,2,523
0,4,2,523
0,4,2,523
0,4,2,523
0,3,1,200
0,3,1,526
0,2,2,527
0,7,1,200
0,1,1,200
0,3,1,526
0,4,1,528
0,3,1,526
0,3,1,278
0,1,1,526
0,3,1,526
0,3,1,526
0,3,1,526
0,3,1,526
0,3,1,526
0,3,1,526
0,3,1,526
0,3,1,526
0,3,1,526
0,3,1,526
0,7,1,200
0,3,1,526
0,3,1,456
0,4,2,521
0,4,2,521
0,4,2,521
0,4,2,521
0,4,2,521
0,4,2,521
0,4,2,521
0,4,2,521
0,4,2,521
0,4,2,521
0,4,2,521
0,4,2,521
0,4,2,521
0,4,2,521
0,4,2,521
0,4,2,521
0,4,2,521
0,4,2,521
0,4,2,521
0,4,2,278
0,2,2,529
0,4,2,2
0,2,2,443
0,2,2,200
0,2,2,528
0,5,3,443
0,8,2,200
0,2,3,200
0,4,2,526
0,2,2,530
0,5,2,521
0,5,2,521
0,5,2,521
0,5,2,521
0,5,2,521
0,5,2,521
0,5,2,521
0,5,2,521
0,5,2,521
0,5,2,521
0,5,2,521
0,5,2,521
0,5,2,521
0,5,2,521
0,5,2,521
0,5,2,521
0,5,2,521
0,5,2,521
0,5,2,521
0,7,3,200
0,7,2,200
1,2,3,200
0,4,2,200
0,9,2,531
0,9,2,531
0,4,2,215
0,4,3,456
0,6,3,378
0,6,3,530
0,4,3,200
0,7,3,200
0,5,3,200
0,7,3,200
0,1,3,526
0,2,4,200
1,6,4,200
0,5,4,154
0,5,4,154
0,5,4,154
0,5,4,154
1,6,5,200
0,7,5,527
0,6,5,73
0,6,4,526
0,6,4,528
0,6,4,528
0,7,5,285
0,7,5,285
0,4,2,45
0,4,2,48
0,4,2,534
0,4,1,536
0,2,1,534
0,4,1,537
0,2,2,534
0,4,2,474
0,4,1,534
0,4,1,167
0,4,1,167
0,4,2,344
0,4,1,71
0,4,1,71
0,2,1,438
0,1,1,534
0,3,1,540
0,1,1,534
0,1,2,534
0,1,1,542
0,1,1,534
0,3,1,536
0,7,1,137
0,1,1,534
0,3,1,351
0,3,1,351
0,3,1,544
0,1,1,216
0,3,1,307
0,3,1,545
0,7,1,137
0,7,1,137
0,7,1,137
0,7,1,137
0,7,1,137
0,7,1,137
0,7,1,137
0,3,1,548
0,7,1,243
0,3,1,534
0,3,1,430
0,3,1,551
0,3,1,551
0,3,1,551
0,7,1,243
0,7,2,243
0,7,1,552
0,7,1,552
0,2,2,438
0,7,1,243
0,7,1,243
0,3,1,71
0,7,1,243
0,7,1,552
0,7,1,552
1,3,1,243
0,3,2,534
0,3,1,148
0,3,1,148
0,3,1,534
0,1,1,554
0,3,1,534
0,3,1,216
0,3,1,216
0,3,1,534
0,3,1,542
0,7,2,243
0,3,1,555
0,7,1,243
0,3,1,45
0,7,1,243
0,3,1,540
0,3,1,556
0,1,1,534
0,6,3,554
0,4,2,534
0,4,2,534
0,4,2,558
0,6,2,545
0,4,2,137
0,2,2,103
0,2,2,103
0,2,2,103
0,4,2,534
0,4,2,2
0,2,2,235
0,2,2,393
0,6,3,438
0,2,2,534
0,5,3,560
0,7,2,534
0,4,2,344
0,6,3,544
0,2,2,524
0,4,3,554
0,7,3,534
0,2,2,534
0,4,2,540
0,4,3,48
0,2,2,534
0,4,2,215
0,2,2,216
0,2,3,491
0,7,3,534
0,6,3,430
0,6,3,167
0,6,3,564
0,6,3,474
0,7,3,534
0,4,3,454
0,1,3,560
0,7,3,534
0,6,3,545
1,2,3,548
0,2,3,534
0,2,3,566
0,2,3,534
0,6,3,548
0,6,3,545
0,6,3,393
0,2,3,534
0,7,3,534
0,6,3,567
0,1,3,534
0,4,3,534
0,1,3,534
0,1,3,534
0,1,3,534
0,1,3,534
0,7,3,540
0,1,3,560
0,2,3,534
0,6,4,534
0,6,4,243
0,7,4,534
0,2,4,265
0,7,4,534
0,7,4,569
0,4,4,548
0,6,4,567
0,1,4,560
0,2,4,534
0,4,4,536
0,1,4,534
1,2,4,570
1,2,4,570
1,2,4,570
1,2,4,570
1,2,4,570
1,2,4,570
1,2,4,570
1,2,4,570
1,2,4,570
0,1,4,243
0,1,4,534
0,6,4,534
0,6,4,564
0,6,5,536
1,6,5,537
0,7,4,534
0,6,5,534
0,8,4,477
0,6,5,73
1,2,5,534
0,7,5,569
0,5,4,571
0,5,4,571
0,7,5,216
0,7,5,285
0,7,5,285
0,7,5,285
0,7,5,285
0,7,5,285
0,7,5,285
0,3,1,574
1,3,1,574
0,2,2,576
0,2,2,138
0,5,2,541
0,4,2,574
0,4,2,577
0,2,1,579
0,2,1,464
0,3,1,580
0,4,2,579
0,3,2,574
0,3,1,574
0,3,2,574
0,3,1,574
0,3,1,580
0,3,1,574
0,3,1,580
0,3,1,576
0,2,2,464
0,2,2,574
0,3,1,93
1,3,1,576
0,3,1,574
0,3,1,212
0,3,1,574
0,7,1,464
0,3,1,576
0,3,1,576
0,3,1,574
0,3,1,574
0,3,1,581
0,3,1,574
0,4,1,583
0,6,1,576
0,3,1,576
0,3,1,584
0,3,1,591
0,3,1,591
0,3,1,591
0,3,1,591
0,3,1,574
0,3,1,318
0,3,1,574
0,3,1,143
0,3,1,574
0,1,2,576
0,3,2,574
0,3,1,321
0,3,1,464
0,3,1,574
0,3,1,318
0,3,1,576
0,3,1,574
0,3,1,541
0,3,1,583
0,3,1,465
0,1,1,318
0,3,1,579
0,5,1,580
0,3,1,584
0,3,1,581
0,3,1,465
0,3,1,465
0,7,2,574
0,7,1,574
0,3,1,574
0,5,1,318
0,3,1,295
0,1,1,295
0,4,2,2
0,6,3,464
0,2,2,574
0,5,2,318
0,4,2,592
0,2,2,593
0,5,2,318
0,2,2,318
0,5,2,580
0,7,2,574
0,2,2,318
0,4,2,574
0,4,2,596
0,2,3,597
0,5,3,574
0,7,3,574
0,1,2,295
0,2,2,574
0,6,2,318
0,5,2,295
0,5,2,211
0,5,2,211
0,2,3,591
0,2,3,591
0,2,3,591
0,2,3,591
0,4,2,215
0,2,2,596
0,5,2,583
0,7,2,574
0,2,2,464
0,6,3,318
1,2,2,576
0,2,2,11
0,2,2,579
0,2,2,579
0,1,3,295
0,4,2,574
1,8,3,574
1,2,2,465
0,5,2,574
0,2,2,6
1,6,3,464
0,2,2,576
0,2,2,41
1,2,3,574
0,2,3,574
0,6,3,295
0,4,3,318
0,6,3,593
0,5,3,76
0,6,3,338
0,4,3,454
0,2,3,576
0,5,3,574
0,6,3,464
1,2,3,193
0,6,3,464
0,1,3,574
0,7,3,47
0,4,3,541
0,6,3,143
0,1,3,173
0,7,3,574
1,4,3,541
0,6,3,338
0,1,3,295
1,4,3,574
0,2,3,580
0,1,3,574
0,4,3,580
0,6,4,143
0,6,4,580
0,6,4,592
0,7,4,266
0,6,4,143
0,7,4,574
1,4,4,574
0,1,4,464
0,1,4,574
0,7,4,574
0,7,4,574
0,6,4,143
0,6,4,538
0,6,4,538
0,6,4,538
0,6,5,338
0,6,4,318
0,5,4,574
0,1,4,87
0,6,4,599
0,6,4,599
0,6,4,599
0,6,4,574
0,5,5,574
0,2,4,574
0,5,5,476
0,8,4,477
0,6,5,73
0,6,5,73
0,7,5,285
0,7,5,285
0,7,5,285
0,7,5,285
0,7,4,574
0,4,2,337
0,3,1,337
0,3,1,550
0,3,1,482
0,3,1,498
0,3,1,498
0,5,1,600
0,3,1,384
0,3,1,602
0,3,1,219
0,3,1,604
0,3,1,604
0,3,1,605
0,3,1,384
0,3,1,385
0,3,1,385
0,3,1,385
0,3,1,385
0,3,1,385
0,3,1,498
0,3,1,498
0,3,1,498
0,3,1,606
0,7,1,608
0,7,2,255
0,7,2,498
0,3,1,217
0,7,1,498
0,7,1,498
0,7,1,498
0,7,1,498
0,7,1,498
0,7,1,498
0,7,1,498
0,7,1,498
0,7,1,498
0,7,1,498
0,7,1,498
0,7,1,498
0,7,1,498
0,3,1,609
0,3,1,561
0,3,1,561
0,3,1,124
0,3,1,253
0,3,1,253
0,3,1,253
0,3,1,253
0,3,1,610
1,3,1,498
0,1,1,391
0,7,1,498
0,7,1,498
0,7,1,498
0,7,1,498
0,7,1,498
0,1,1,391
0,7,1,498
0,7,1,498
0,7,1,498
0,3,1,605
0,7,1,498
0,1,1,391
0,3,1,612
0,3,1,606
0,2,2,498
0,3,1,614
0,3,1,614
0,3,1,614
0,1,1,498
0,1,1,498
0,8,2,615
0,8,2,615
0,8,2,615
0,8,2,617
0,8,2,617
0,8,1,618
0,8,2,619
0,2,1,610
0,8,2,373
0,8,2,373
0,8,2,373
0,8,2,373
0,8,2,373
0,8,2,373
0,3,1,399
0,3,1,618
0,3,1,600
0,3,1,606
0,2,2,121
0,2,2,121
0,4,3,498
0,4,2,2
0,8,2,498
0,8,2,121
0,8,2,217
0,4,2,561
0,2,2,337
0,2,3,219
0,8,2,405
0,8,2,405
0,8,2,405
0,2,3,7
0,2,3,7
0,2,3,7
0,2,3,7
0,2,3,7
0,2,3,498
0,2,2,609
0,8,2,437
0,2,2,219
0,6,3,337
0,4,2,498
0,2,2,498
0,2,2,602
0,4,2,215
0,7,2,343
0,2,3,620
0,2,3,620
0,2,2,498
0,2,2,610
0,7,2,399
0,4,2,437
0,5,2,399
0,5,2,255
0,6,3,217
0,2,2,612
0,2,2,11
0,7,2,600
0,7,2,399
0,1,2,612
0,7,2,217
0,6,3,609
0,7,3,498
0,2,3,498
0,2,2,498
0,2,3,498
0,2,2,498
0,2,2,623
0,2,3,626
0,2,3,626
0,2,3,626
0,2,2,623
0,2,2,604
0,2,2,41
0,2,3,498
0,8,2,604
0,8,3,628
0,8,3,628
0,8,3,628
0,8,3,628
0,8,3,628
0,8,2,617
0,8,2,617
0,8,2,615
0,8,2,615
0,8,2,615
0,2,2,631
0,2,2,631
0,8,3,405
0,8,3,405
0,2,3,82
0,2,3,82
0,2,3,82
0,2,3,82
0,2,3,82
0,2,3,82
1,2,3,187
1,2,3,187
1,2,3,187
1,2,3,187
0,6,3,604
0,2,3,566
0,2,3,566
0,6,3,498
0,7,3,498
0,7,3,498
0,7,3,604
0,7,3,498
0,7,3,121
0,7,3,498
0,7,3,604
0,1,3,498
0,2,3,498
0,2,3,498
0,4,4,162
0,6,4,582
0,6,4,582
0,6,4,582
0,1,4,495
0,1,4,495
0,8,4,629
0,8,4,629
0,8,4,629
0,8,4,629
0,8,4,629
0,8,4,389
0,8,4,389
0,8,4,389
0,6,4,623
0,1,4,633
0,7,4,399
0,7,4,144
0,6,4,56
0,7,4,612
0,7,4,296
0,7,4,296
0,7,4,296
0,7,4,337
0,7,4,498
0,7,4,498
0,7,4,498
0,7,4,498
0,7,4,14
0,7,4,14
0,7,4,604
0,7,4,635
0,7,4,635
0,7,4,209
0,7,4,209
0,7,4,209
0,2,4,498
0,7,5,184
0,7,5,184
0,7,5,184
0,7,5,184
0,6,4,630
0,6,4,630
0,6,4,630
0,6,4,630
0,6,4,630
0,6,4,630
0,6,4,630
0,6,4,630
0,6,4,630
0,6,4,630
0,6,4,630
0,6,4,630
0,6,4,630
0,6,4,630
0,6,4,630
0,6,4,630
0,6,4,630
0,6,5,498
0,6,4,255
0,5,5,476
0,6,5,73
1,6,4,619
0,7,5,285
1,6,4,498
1,6,4,636
1,6,4,636
1,6,4,636
1,6,4,636
1,6,4,636
1,6,4,636
1,6,4,636
1,6,4,636
1,6,4,636
1,6,4,636
1,6,4,636
0,7,4,144
0,7,4,607
0,7,4,607
0,1,1,637
0,2,1,637
0,3,1,638
0,3,1,637
0,2,2,637
0,7,1,637
0,3,1,637
0,1,1,152
1,2,1,637
0,3,1,637
0,1,1,640
0,3,1,637
0,3,1,637
0,2,2,637
0,1,1,637
0,3,1,637
0,1,1,637
0,7,1,637
0,1,1,637
0,7,1,637
0,1,1,637
0,1,1,637
0,7,1,637
0,1,1,641
0,1,1,642
0,7,1,637
0,2,2,621
0,5,2,637
0,4,2,637
0,5,3,637
0,5,2,640
0,7,2,637
0,7,3,637
0,7,2,637
0,1,2,637
0,1,2,644
0,1,2,637
1,7,3,637
1,5,2,637
1,2,2,637
0,4,3,637
0,4,3,637
0,5,3,637
0,2,3,637
0,2,3,637
0,2,3,637
1,6,3,5
0,6,3,637
1,5,3,637
0,6,4,637
0,2,4,637
0,6,4,637
0,6,4,637
1,5,4,637
1,4,4,637
1,9,4,637
0,2,4,637
0,1,4,637
1,2,4,637
1,2,4,637
0,2,4,637
1,6,4,532
0,2,4,640
0,2,4,637
0,5,4,637
0,4,4,637
1,6,4,637
0,6,4,637
0,6,5,637
0,6,5,637
0,5,4,637
1,6,5,637
0,6,4,637
1,4,4,637
1,6,4,640
1,9,5,637
0,5,5,637
0,5,5,637
0,6,4,637
0,5,5,637
0,1,5,637
1,2,5,637
0,5,4,637
0,3,1,646
0,7,1,361
0,5,1,648
0,5,1,648
0,4,2,650
0,5,1,651
0,4,1,652
0,4,1,114
0,4,1,653
0,4,1,105
0,4,2,654
0,2,1,130
0,4,2,655
0,4,2,163
0,4,2,146
0,4,1,656
0,2,2,646
0,4,1,361
0,2,1,657
0,5,1,268
0,4,2,658
0,3,1,361
0,4,1,97
0,2,1,659
0,4,2,306
0,7,1,646
0,3,1,585
0,3,1,381
0,7,1,639
0,3,1,245
0,3,1,655
0,7,1,639
0,3,1,515
0,1,1,659
0,1,1,659
0,1,1,659
0,3,1,660
0,2,1,361
0,7,1,661
0,7,1,639
0,7,1,655
0,1,1,659
0,3,1,57
0,1,1,659
0,1,1,659
0,1,1,659
0,1,1,659
0,1,1,659
0,1,1,659
0,3,1,598
0,3,1,585
0,1,1,659
0,1,1,659
0,1,1,659
0,1,1,659
0,1,1,659
0,1,1,603
0,1,1,659
0,1,1,603
0,1,1,659
0,1,1,603
0,1,1,659
0,1,1,659
0,1,1,27
0,3,1,662
0,2,2,663
0,1,1,650
0,2,2,522
0,4,1,29
0,1,2,446
0,6,3,634
0,6,3,634
0,6,3,634
0,6,3,634
0,6,3,634
0,6,3,634
0,6,3,634
0,6,3,634
0,2,2,625
0,4,2,361
0,4,2,659
0,2,2,130
0,4,2,659
0,7,2,658
0,6,2,590
0,4,2,653
0,4,3,105
0,7,3,666
0,2,3,667
0,2,3,667
0,4,2,105
0,6,3,586
0,5,3,655
0,4,2,649
0,2,2,446
0,7,2,646
0,7,2,655
0,5,3,668
0,7,3,650
0,1,2,656
0,2,2,669
0,2,2,669
0,2,2,669
0,2,2,669
0,6,2,533
0,7,2,650
0,2,2,357
0,4,2,268
0,4,2,671
0,4,2,673
0,2,3,674
0,7,2,191
0,2,2,39
1,4,3,585
0,2,2,646
0,6,3,661
0,7,2,670
0,4,2,245
0,4,2,675
0,7,3,658
0,4,2,660
0,2,2,668
0,6,3,676
1,4,2,670
0,4,2,670
0,2,2,163
0,2,2,194
1,2,2,677
1,2,2,562
0,7,2,134
0,2,2,67
0,6,3,655
0,6,3,562
0,2,3,679
0,2,3,679
0,2,3,679
0,2,3,361
0,2,3,294
0,2,3,294
0,2,3,294
0,2,3,294
0,2,3,294
0,2,3,294
0,2,3,294
0,2,3,294
0,2,3,294
0,2,3,294
0,2,3,294
0,2,3,294
0,2,3,294
0,2,3,294
0,2,3,294
0,2,3,294
0,2,3,294
0,2,3,294
0,2,3,294
0,2,3,294
0,2,3,294
0,2,3,294
0,2,3,294
0,2,3,294
0,2,3,294
0,2,3,294
0,2,3,294
0,2,3,294
0,2,3,294
0,2,3,294
0,2,3,294
0,2,3,294
0,2,3,294
0,2,3,294
0,2,3,294
0,2,3,294
0,2,3,294
0,2,3,294
0,2,3,294
0,2,3,294
0,2,3,294
0,2,3,294
0,2,3,294
0,2,3,294
0,2,3,294
0,2,3,294
0,2,3,294
0,2,3,294
0,2,3,294
0,2,3,294
0,2,3,294
0,4,3,106
0,4,3,106
0,4,3,104
0,4,3,130
0,4,3,670
0,1,3,646
0,6,3,655
0,2,3,680
0,6,3,105
0,5,3,76
0,7,3,104
0,4,3,650
0,1,3,562
0,4,3,21
1,2,3,452
0,2,3,658
0,2,3,646
0,5,3,562
0,6,3,533
0,6,4,533
0,6,4,361
0,5,4,670
0,2,4,646
0,6,4,506
1,6,4,562
0,4,4,506
0,6,4,671
0,6,4,665
0,4,4,562
0,6,4,648
1,2,4,104
0,6,4,562
0,6,4,506
0,2,4,54
0,6,4,104
0,1,4,562
1,6,4,361
0,6,5,670
0,6,4,673
0,7,4,655
0,6,4,682
0,6,4,506
0,7,4,654
0,6,4,506
0,6,5,655
0,6,5,655
0,1,5,130
0,6,5,684
0,6,5,684
0,6,5,684
0,6,5,684
0,6,5,684
0,6,5,684
0,6,5,684
0,6,5,684
0,6,5,684
0,6,5,684
0,6,5,684
0,6,5,684
0,6,5,684
0,6,5,684
0,6,5,684
0,6,5,684
0,6,5,684
0,6,5,684
0,6,5,684
0,6,5,684
0,6,5,684
0,6,5,684
0,6,5,684
0,6,5,684
0,6,5,684
0,6,5,684
0,6,5,684
0,6,5,684
0,6,5,684
0,6,5,684
0,6,5,684
0,6,5,684
0,6,5,684
0,6,5,684
0,6,5,684
0,6,5,684
0,6,5,684
0,6,5,684
0,6,5,684
0,6,5,684
0,6,5,684
0,6,5,684
0,6,5,684
0,6,5,684
0,6,5,684
0,6,5,684
0,6,5,684
0,6,5,684
0,6,5,684
0,6,5,684
0,6,5,684
0,6,5,684
0,6,5,684
0,6,5,684
0,6,5,684
0,6,5,684
0,6,5,684
0,6,5,684
0,6,5,684
0,6,5,684
0,6,5,684
0,6,5,684
0,6,5,684
0,6,5,684
0,6,5,684
0,6,5,684
0,6,5,684
0,2,2,685
0,4,2,685
0,4,2,686
0,2,1,22
0,2,2,632
0,2,2,35
0,2,2,35
0,4,2,687
0,4,2,270
0,4,2,685
0,3,1,685
0,3,1,685
0,7,1,35
0,3,1,543
0,3,1,685
0,2,2,688
0,3,1,688
0,3,1,685
0,1,1,685
0,5,1,315
0,1,1,687
0,1,1,687
0,1,1,687
0,1,1,687
0,3,1,688
0,3,1,688
0,3,1,686
0,3,1,690
0,1,1,685
0,2,2,241
0,1,1,182
0,1,1,312
0,1,1,182
0,3,1,685
0,3,1,403
0,7,1,35
0,7,1,35
0,7,1,35
0,3,1,685
0,7,1,35
0,3,1,691
0,7,1,35
0,7,1,35
0,7,1,35
0,7,2,35
0,7,1,35
0,3,1,685
0,3,1,685
0,3,1,693
0,5,2,35
0,2,2,693
0,3,1,690
0,3,1,616
0,4,2,356
0,3,1,693
0,3,2,685
0,3,1,695
0,3,1,685
0,3,1,270
0,3,1,685
0,3,1,685
0,3,1,241
0,3,1,691
0,3,1,241
0,3,1,685
0,4,2,685
0,4,2,35
0,6,3,22
0,4,3,685
0,2,2,685
0,4,3,685
0,7,3,35
0,7,3,35
0,7,3,35
0,2,2,685
0,4,3,697
0,4,3,568
0,6,3,270
0,2,3,700
0,2,3,700
0,2,3,700
0,2,3,700
0,2,3,700
0,2,3,700
0,2,3,700
0,2,3,700
0,2,3,700
0,2,3,700
0,2,3,700
0,2,3,700
0,5,3,701
0,5,3,701
0,5,3,701
0,5,2,685
0,4,2,215
0,2,2,543
0,7,3,374
0,2,2,685
0,9,3,543
0,2,2,543
0,2,2,11
1,4,3,632
0,2,2,685
0,4,2,91
0,2,2,693
0,1,2,403
1,4,3,568
0,4,2,703
0,2,2,6
0,6,3,705
0,5,3,22
0,4,3,685
0,7,3,707
0,6,3,685
0,6,3,315
1,6,3,705
0,6,3,703
0,5,3,685
0,6,3,688
0,5,3,188
0,5,3,188
0,2,3,685
0,5,3,374
0,7,3,47
0,7,3,47
0,5,4,685
0,4,4,685
0,6,4,182
0,4,4,685
0,6,4,632
0,6,4,685
0,6,4,685
0,4,4,708
0,4,4,708
0,4,4,708
0,4,4,708
0,4,4,708
0,4,4,708
0,4,4,708
0,4,4,708
0,4,4,708
0,4,4,708
0,4,4,708
0,4,4,708
0,4,4,708
0,4,4,708
0,4,4,708
0,4,4,708
0,4,4,708
0,4,4,708
0,4,4,708
0,4,4,708
0,4,4,708
0,4,4,708
0,4,4,708
0,4,4,708
0,4,4,708
0,4,4,708
0,4,4,708
0,4,4,708
0,4,4,708
0,4,4,708
0,6,4,687
0,6,4,685
0,6,4,549
0,6,4,691
0,6,4,182
1,5,4,549
0,4,4,685
0,7,5,184
0,7,5,184
0,7,5,184
0,6,4,685
0,6,4,685
0,6,5,685
0,6,4,685
0,6,4,708
0,6,4,708
0,6,4,708
0,6,4,708
0,6,4,708
0,6,4,708
0,6,4,708
0,6,4,708
0,6,4,708
0,6,4,708
0,6,4,708
0,6,4,708
0,6,4,708
0,6,4,708
0,6,4,708
0,6,4,708
0,6,4,708
0,6,4,708
0,6,4,708
0,6,4,708
0,6,4,708
0,6,4,708
0,6,4,708
0,6,4,708
0,6,4,708
0,6,4,708
0,6,4,708
0,6,4,708
0,6,4,708
0,6,4,708
0,6,5,685
0,5,5,403
0,6,4,697
0,5,5,476
0,8,4,477
0,6,5,73
0,6,5,73
0,6,5,73
0,6,5,315
0,5,4,377
0,5,4,377
0,7,5,285
0,7,5,285
0,7,5,285
0,4,1,300
0,2,1,300
0,3,1,300
0,3,1,300
0,3,1,300
0,3,1,300
1,3,1,300
1,3,1,300
0,3,1,300
0,3,1,300
0,3,1,300
0,3,1,300
0,3,1,300
0,3,1,300
0,3,1,300
0,2,2,300
0,3,1,170
0,4,2,300
0,4,2,300
0,3,1,300
0,3,1,55
0,7,1,709
0,3,1,300
0,3,1,300
0,3,1,300
0,3,1,300
0,3,1,300
0,3,2,300
0,7,1,709
0,7,1,710
0,7,1,300
0,2,2,300
0,1,1,300
0,1,1,300
0,1,1,300
0,1,1,300
0,1,1,300
0,3,1,300
1,3,1,300
0,4,3,300
0,4,3,300
0,4,3,300
0,2,2,300
0,5,2,300
0,2,2,300
0,2,2,11
0,2,2,55
0,2,2,41
0,4,3,300
1,2,2,342
1,2,2,342
0,2,2,153
0,1,2,300
1,2,2,711
1,2,3,712
0,4,2,300
0,6,3,300
1,2,3,300
0,7,3,300
1,2,3,41
1,5,3,55
1,5,3,55
1,5,3,300
0,4,4,300
0,7,4,209
0,7,4,300
0,2,4,62
1,6,4,300
0,1,4,300
1,2,4,300
1,2,4,300
1,5,4,713
0,6,5,300
0,6,5,73
0,1,5,300
0,7,5,83
0,7,5,300
1,6,5,300
0,7,5,83
1,4,4,300
0,7,5,300
0,7,5,300
0,6,5,300
0,1,4,300
0,1,5,300
1,6,4,300
1,6,4,559
1,6,4,559
0,2,2,714
0,2,2,715
0,3,1,716
0,3,1,699
0,3,2,716
0,3,2,717
0,3,2,717
0,3,1,714
0,5,2,716
0,3,1,715
0,3,1,715
0,7,1,714
0,7,1,716
0,7,1,716
0,7,1,714
0,7,1,714
0,7,1,714
1,3,1,716
0,3,1,716
0,1,1,716
0,1,1,716
0,7,1,699
0,7,1,716
0,7,1,716
0,7,1,699
0,7,1,716
0,7,1,716
0,7,1,716
0,7,1,716
0,7,1,715
0,7,1,699
0,7,1,716
0,7,1,699
0,7,1,699
0,7,1,716
0,7,1,699
0,7,1,699
0,7,1,716
0,3,1,716
0,2,2,715
0,2,2,260
0,2,2,716
0,1,2,702
0,1,2,702
0,1,2,702
0,1,2,702
0,2,2,716
0,3,2,716
0,2,2,715
0,2,3,717
0,2,3,717
0,7,2,716
0,7,2,716
0,7,2,716
0,2,2,11
0,7,2,716
0,7,2,716
0,7,3,716
1,2,2,107
1,2,2,107
1,2,2,107
0,5,3,714
0,7,3,716
0,2,3,716
1,2,2,719
1,2,2,719
0,2,2,55
1,2,2,717
1,2,2,717
0,2,2,41
0,3,3,699
1,4,2,716
0,4,3,716
0,2,3,716
0,7,3,716
0,7,3,716
0,7,3,716
0,7,3,107
0,7,3,107
0,7,3,107
0,2,3,715
0,7,3,716
1,6,3,715
0,7,3,716
0,7,3,716
0,7,3,716
0,7,3,716
0,7,3,716
0,7,3,716
1,6,3,716
1,2,3,716
1,2,3,41
1,2,3,716
0,6,4,716
0,7,4,716
0,2,4,716
0,7,4,209
0,7,4,209
0,7,4,209
0,7,4,716
0,7,4,716
1,6,4,716
1,5,4,702
1,5,4,702
1,5,4,702
1,5,4,702
0,5,5,476
0,6,5,73
0,6,4,716
1,1,5,518
0,7,5,83
0,7,4,716
1,6,4,716
1,6,4,714
0,7,5,83
1,2,1,720
0,1,1,520
0,1,1,520
0,5,1,339
0,4,2,722
0,1,1,724
0,4,1,725
0,4,1,81
0,4,2,440
0,4,1,727
0,4,1,180
0,4,2,728
0,4,2,729
0,4,2,520
0,7,1,720
0,7,1,440
0,1,1,731
0,1,1,731
0,1,1,731
0,1,1,733
0,7,1,440
0,1,1,731
0,1,1,731
0,1,1,731
0,1,1,731
0,1,1,731
0,3,1,735
0,5,1,737
0,3,1,720
0,3,1,739
0,7,1,678
0,3,1,440
0,3,1,627
0,7,1,440
0,3,1,500
0,3,1,500
0,3,1,500
0,3,1,500
0,3,1,520
0,3,1,678
0,7,1,678
0,7,1,734
0,7,1,734
0,7,1,734
0,2,1,520
0,3,1,520
0,3,1,520
0,3,1,741
0,7,1,734
0,7,1,734
0,4,2,484
0,3,1,563
0,7,1,742
0,4,2,484
0,7,1,440
0,3,1,354
0,7,1,678
0,3,2,679
0,3,2,679
0,3,2,679
0,3,2,679
0,5,2,727
0,4,2,664
0,4,2,520
0,4,3,339
0,2,2,724
0,4,3,520
0,4,3,743
0,4,2,520
0,4,2,744
0,4,2,520
0,4,2,734
0,4,2,745
0,5,3,746
0,5,3,746
0,5,3,746
0,5,3,746
0,5,3,746
0,5,3,746
0,5,3,746
0,5,3,746
0,5,3,746
0,5,3,746
0,5,3,746
0,5,3,746
0,5,3,746
0,5,3,746
0,5,3,746
0,5,3,746
0,5,3,746
0,5,3,746
0,5,3,746
0,5,3,746
0,5,3,746
0,5,3,746
0,5,3,746
0,5,3,746
0,5,3,746
0,5,3,746
0,5,3,746
0,5,3,746
0,5,3,746
0,5,3,746
0,5,3,746
0,5,3,746
0,5,3,746
0,5,3,746
0,2,3,667
0,2,3,667
0,2,3,667
0,2,3,667
0,4,2,627
0,4,2,748
0,6,3,737
0,2,3,734
0,2,2,627
0,4,2,440
0,4,2,734
0,4,2,520
0,4,3,749
0,4,3,749
0,4,3,749
0,4,3,749
0,4,3,749
0,4,3,749
0,4,3,749
0,4,3,749
0,4,3,749
0,4,3,749
0,4,3,749
0,4,3,749
0,4,3,749
0,4,3,749
0,4,3,749
0,4,3,749
0,4,3,749
0,4,3,749
0,4,3,749
0,4,3,749
0,4,3,749
0,4,3,749
0,4,3,749
0,4,3,749
0,4,3,749
0,4,3,749
0,4,3,749
0,4,3,749
0,4,3,749
0,4,3,749
0,4,3,749
0,4,3,749
0,4,3,749
0,4,3,749
0,4,3,749
0,4,3,749
0,4,3,749
0,5,2,520
0,1,2,720
0,6,3,741
0,4,3,741
0,4,3,520
0,2,3,679
0,2,3,679
0,2,3,679
0,2,3,679
0,5,3,627
0,1,3,203
0,6,3,750
0,6,3,734
0,6,3,520
0,6,3,520
0,1,3,271
0,1,3,720
0,4,3,520
0,6,3,664
0,7,3,752
0,5,3,755
0,5,3,755
0,6,3,728
1,7,3,759
1,2,3,411
0,5,4,760
0,5,4,760
0,5,4,760
0,5,4,760
0,4,4,520
0,4,4,520
0,1,4,759
0,5,4,613
0,5,4,613
0,5,4,613
0,6,4,734
0,6,4,520
0,1,4,520
0,7,4,739
0,6,4,664
0,6,4,664
0,6,4,728
0,6,4,728
0,6,5,520
0,6,5,195
0,1,4,734
0,6,4,199
0,6,4,199
0,6,4,199
0,6,4,199
0,6,4,199
0,6,4,199
0,6,4,199
0,6,4,199
0,6,4,199
0,6,4,199
0,6,4,199
0,6,4,199
0,6,4,199
0,6,4,199
0,6,4,199
0,6,4,199
0,6,4,199
0,6,4,199
0,6,4,199
0,6,4,199
0,6,4,199
0,6,4,199
0,6,4,199
0,6,4,199
0,6,4,199
0,6,4,199
0,6,4,199
0,6,4,199
0,6,4,199
0,6,4,199
0,6,4,199
0,6,5,761
0,6,5,761
0,6,5,761
0,6,5,761
0,6,5,761
0,6,5,761
0,6,5,761
0,6,5,761
0,6,5,761
0,6,5,761
0,6,5,761
0,6,5,761
0,6,5,761
0,6,5,761
0,6,5,761
0,6,5,761
0,6,5,761
0,6,5,761
0,6,5,761
0,6,5,761
0,6,5,761
0,6,5,761
0,6,5,761
0,6,5,761
0,6,5,761
0,6,5,761
0,6,5,761
0,6,5,761
0,6,5,761
0,6,5,761
0,6,5,761
0,6,5,761
0,6,5,761
0,5,5,476
0,8,4,477
0,6,5,73
0,6,5,73
0,6,5,73
0,6,4,520
0,2,2,227
0,4,2,762
0,2,2,227
0,7,1,764
0,7,1,764
0,7,1,764
0,7,1,764
0,7,1,764
0,7,1,764
0,7,1,764
0,7,1,764
0,7,1,764
0,7,1,764
0,1,1,504
0,7,1,764
0,7,1,764
0,7,1,764
0,7,1,764
0,7,1,764
0,7,1,764
0,7,1,764
0,7,1,764
0,7,1,764
0,7,1,764
0,1,1,310
0,7,1,764
0,1,1,310
0,4,1,765
0,7,1,764
0,7,1,764
0,7,1,764
0,7,1,764
0,7,1,764
0,7,1,764
0,7,1,764
0,1,1,504
0,1,1,504
0,3,1,516
0,7,1,764
0,7,1,764
0,2,2,227
0,3,1,0
0,3,1,109
0,7,1,227
0,7,1,764
0,1,1,504
0,7,1,764
0,7,1,764
0,7,1,764
0,7,1,764
0,7,1,764
0,7,1,764
0,7,1,764
0,7,1,764
0,7,1,764
0,3,1,0
0,1,1,504
0,1,1,504
0,1,1,504
0,1,1,504
0,3,1,516
0,1,1,504
0,3,1,227
0,3,1,227
0,3,1,227
0,3,1,0
0,3,1,227
0,3,1,227
0,3,1,766
0,3,1,766
0,3,1,766
0,3,1,0
0,3,1,0
0,3,1,0
0,1,1,504
0,1,1,504
0,1,1,504
0,1,1,504
0,1,1,504
0,3,1,0
0,1,1,504
0,2,2,762
0,1,1,504
0,1,1,504
0,3,1,227
0,3,1,109
0,2,3,227
0,5,2,227
0,4,2,196
0,6,3,251
0,1,2,504
0,2,2,516
0,4,2,215
1,2,2,767
0,2,2,6
0,2,2,516
0,2,2,41
0,2,2,227
0,2,2,227
0,5,2,762
0,5,3,767
0,5,3,762
0,4,3,766
0,2,3,227
0,1,3,227
0,4,3,765
0,4,3,762
0,2,3,453
0,2,3,453
0,2,3,453
0,2,3,453
0,6,3,516
0,7,3,768
0,7,3,768
0,7,3,768
0,7,3,768
0,7,3,768
0,7,3,768
0,7,3,768
0,7,3,768
0,7,3,768
0,7,3,768
0,6,3,764
1,6,3,227
0,7,3,765
0,2,3,227
0,6,3,766
0,6,4,766
0,6,4,769
0,6,4,769
0,6,4,769
0,6,4,227
0,4,4,0
0,6,4,765
0,4,4,762
0,6,4,770
0,5,4,227
0,6,4,767
1,4,4,0
0,6,4,738
0,7,4,266
0,6,4,227
0,1,4,633
0,6,4,738
0,6,4,766
0,1,4,770
0,6,5,504
0,6,5,504
0,6,5,504
0,6,5,504
0,6,5,762
0,6,5,183
0,6,4,227
0,6,4,504
0,6,4,738
0,6,4,762
0,6,4,766
0,5,5,476
0,6,5,73
0,6,5,73
0,7,5,765
0,7,5,285
0,7,5,285
0,7,5,285
0,7,5,285
0,7,5,285
0,7,5,285
0,7,5,285
0,7,5,285
1,7,5,765
0,7,4,28
0,7,4,28
0,7,4,28
0,7,5,765
0,2,2,771
0,2,2,774
0,3,1,775
0,7,1,304
0,3,1,341
0,3,1,776
0,3,1,304
0,1,1,777
0,3,1,304
0,2,2,513
0,3,1,778
0,4,1,774
0,3,1,431
0,3,1,778
0,3,1,778
0,3,1,513
0,3,1,771
0,1,1,431
0,1,1,431
0,3,1,304
0,3,1,779
0,3,1,304
0,3,1,782
0,1,1,431
0,3,1,777
0,2,1,486
0,1,2,431
0,1,1,431
0,3,1,783
0,1,1,431
0,1,1,431
0,3,1,341
0,3,1,341
0,3,1,304
0,3,1,486
0,7,1,427
0,3,1,782
0,3,1,304
0,7,1,427
0,7,1,427
0,3,1,785
0,7,1,427
0,7,1,427
0,7,1,427
0,7,1,427
0,7,1,427
0,7,1,427
0,7,1,427
0,7,1,427
0,7,1,427
0,7,1,427
0,7,1,427
0,7,1,427
0,7,1,427
0,7,1,427
0,7,1,427
0,7,1,427
0,7,1,427
0,7,1,427
0,7,1,427
0,7,1,427
0,4,2,431
0,2,2,304
0,2,2,786
0,2,3,788
0,7,2,32
0,7,2,32
0,7,2,32
0,2,2,786
0,6,3,777
0,2,2,771
0,7,2,304
0,4,3,304
0,2,3,597
0,2,3,597
0,2,2,304
0,2,2,790
0,5,2,211
0,2,2,304
0,2,2,304
0,2,2,304
0,4,2,215
0,2,2,792
0,2,2,786
0,2,2,11
0,2,2,775
0,6,2,786
0,4,3,304
1,2,2,304
0,2,2,41
0,7,3,304
0,7,2,771
0,7,2,771
0,7,2,785
0,7,3,431
0,1,3,427
1,2,3,304
0,4,3,304
0,5,3,304
0,6,3,249
0,7,3,707
0,5,3,76
0,6,3,771
0,1,3,271
0,1,3,271
0,1,3,271
0,1,3,271
0,1,3,271
0,7,3,793
0,7,3,793
0,7,3,793
0,7,3,38
0,7,3,38
0,7,3,38
0,7,3,38
0,2,3,304
0,7,3,790
0,7,3,304
0,7,3,435
0,7,3,435
0,7,3,435
0,7,3,435
0,7,3,435
0,7,3,304
0,7,3,304
0,7,3,249
0,7,3,782
0,7,3,201
0,7,3,771
0,7,3,785
0,7,3,38
0,7,3,38
0,7,3,38
0,7,3,38
0,7,3,379
0,7,3,427
0,7,3,771
0,7,3,771
0,7,3,341
0,7,3,304
0,7,3,304
0,7,3,771
0,7,3,304
0,7,3,785
0,7,3,304
0,7,3,573
0,6,4,431
0,6,4,304
0,6,4,431
0,7,4,249
0,7,4,304
0,6,4,201
0,7,4,266
0,7,4,367
0,1,4,304
0,7,4,573
0,7,4,771
0,7,4,775
0,7,4,304
0,7,4,573
0,7,4,786
0,7,4,775
0,7,4,771
0,7,4,758
0,7,4,758
0,7,4,794
0,7,4,794
0,7,4,771
0,7,4,304
0,7,4,573
0,7,4,771
0,7,4,778
0,7,4,795
0,7,4,797
0,7,4,304
0,7,4,771
0,7,4,304
0,7,4,304
0,7,4,645
0,7,4,645
0,7,4,771
0,7,4,427
0,4,4,304
0,6,5,304
0,5,5,771
0,4,4,304
0,6,4,304
0,5,5,304
0,7,5,304
0,7,4,775
0,6,5,304
0,6,5,304
0,6,5,304
0,6,4,599
0,5,5,771
0,2,4,304
0,6,5,304
0,6,5,304
0,6,5,771
1,2,4,304
0,8,4,477
0,6,5,73
0,6,5,73
0,2,4,304
1,2,4,304
0,7,5,285
0,7,5,285
0,7,5,285
0,7,4,304
1,5,5,304
0,7,4,763
0,7,4,763
0,7,4,763
0,7,4,763
0,7,4,763
0,7,4,763
0,7,4,763
0,7,5,304
0,7,1,798
1,3,1,799
0,4,2,800
0,4,1,363
0,2,2,798
0,4,1,801
0,5,2,802
0,2,2,802
0,5,1,803
0,7,1,798
0,1,1,269
0,1,1,269
0,1,1,269
0,1,1,269
0,1,1,269
0,1,1,269
0,1,1,269
0,1,1,269
0,1,1,269
0,1,1,269
0,3,1,805
0,1,1,269
0,1,1,269
0,1,1,269
0,1,1,269
0,1,1,269
0,1,1,269
0,1,1,269
0,7,1,798
0,7,1,798
0,1,1,269
0,1,1,269
0,3,1,798
0,3,1,236
0,3,1,798
0,3,1,798
0,1,1,807
0,1,1,807
0,3,1,800
0,3,1,805
0,3,1,798
0,2,1,807
0,1,1,721
0,1,1,721
0,1,1,721
0,3,1,802
0,3,1,89
0,3,1,800
0,1,1,798
1,2,2,808
1,2,2,808
1,2,2,808
1,2,2,808
0,3,1,798
0,7,1,19
0,3,1,798
0,3,1,798
0,3,1,798
0,3,1,798
0,3,1,811
0,3,1,811
0,3,1,802
0,3,1,798
0,3,1,807
0,3,1,798
0,3,1,798
0,3,1,330
0,2,2,803
0,3,1,330
0,3,1,798
0,1,1,805
0,5,2,812
0,5,2,812
0,5,2,812
0,5,2,812
0,2,2,236
0,5,2,798
0,4,2,791
0,7,3,666
0,4,3,692
0,8,2,798
0,5,2,813
0,5,2,813
0,1,2,363
0,8,2,798
0,2,2,803
0,4,3,798
0,4,2,798
0,5,2,798
0,2,2,89
0,2,3,242
0,1,2,18
0,1,2,815
0,1,2,815
0,2,2,799
0,2,2,512
0,2,3,802
0,2,2,791
0,2,2,512
0,2,2,512
0,2,2,798
0,4,2,798
0,4,2,215
0,7,2,791
0,7,2,798
0,4,3,250
0,7,2,791
0,2,3,803
0,6,3,805
0,8,2,798
0,2,3,798
0,4,3,692
0,4,3,798
0,4,3,798
0,7,3,816
0,4,3,798
0,2,3,721
0,7,3,707
0,5,3,802
0,6,3,161
0,4,3,454
0,1,3,803
0,1,3,798
0,5,3,325
0,7,3,791
0,4,4,798
0,6,4,525
0,6,4,525
0,6,4,525
0,6,4,525
0,6,4,525
0,6,4,525
0,6,4,525
0,6,4,525
0,6,4,525
0,6,4,525
0,6,4,525
0,6,4,525
0,6,4,525
0,6,4,525
0,6,4,525
0,6,4,525
0,6,4,525
0,6,4,525
0,6,4,525
0,6,4,525
0,6,4,525
0,6,4,525
0,6,4,525
0,6,4,525
0,6,4,525
0,6,4,525
0,6,4,525
0,6,4,525
0,6,4,525
0,4,4,798
0,8,4,798
0,8,4,798
0,6,4,264
0,7,4,819
0,7,4,819
0,7,4,819
0,6,4,798
0,6,4,820
0,6,4,820
0,6,4,812
0,6,4,812
0,6,4,812
0,6,4,812
0,6,4,798
0,6,4,112
0,6,4,112
0,6,4,112
0,6,4,112
0,6,4,112
0,6,4,112
0,6,4,112
0,6,4,112
0,6,4,813
0,6,4,813
0,6,4,721
0,7,4,821
0,7,4,821
0,6,4,798
0,5,5,798
0,7,5,791
0,4,2,48
0,4,1,822
0,4,1,823
0,4,1,824
0,4,1,824
0,4,1,826
0,4,1,826
0,4,1,826
0,4,1,826
0,4,1,826
0,4,1,114
0,4,1,827
0,4,1,828
0,2,1,822
0,4,2,822
0,4,2,828
0,5,1,314
0,2,2,63
0,2,1,829
0,3,1,503
0,3,1,832
0,4,1,824
0,7,1,833
0,1,1,822
0,1,1,822
0,1,1,414
0,3,1,595
0,7,1,314
0,7,1,314
0,7,1,314
0,2,2,834
0,3,1,706
0,3,1,706
0,3,1,822
0,3,1,706
0,3,1,706
0,1,1,747
0,1,1,822
0,1,1,747
0,1,1,747
0,7,1,128
0,7,1,128
0,3,1,314
0,3,1,510
0,3,1,643
0,3,1,643
0,3,1,718
0,4,1,828
0,3,1,718
0,3,1,718
0,3,1,835
0,3,1,822
0,3,1,828
0,3,1,622
0,3,1,837
0,3,1,839
0,3,1,832
0,2,2,611
0,3,1,63
0,3,1,63
0,2,2,458
0,3,1,839
0,3,1,840
0,3,1,179
0,3,1,841
0,4,2,824
0,2,2,842
0,4,3,822
0,4,2,206
0,4,2,206
0,4,2,206
0,4,2,206
0,4,2,206
0,4,2,206
0,6,2,828
0,4,2,822
0,2,2,839
0,5,2,827
0,4,2,824
0,5,2,822
0,4,2,843
0,4,2,843
0,2,2,844
0,4,2,846
0,4,2,846
0,4,2,846
0,4,2,846
0,4,2,846
0,4,2,846
0,4,2,846
0,4,2,846
0,4,2,846
0,4,2,846
0,4,2,846
0,4,2,846
0,4,2,846
0,4,2,846
0,4,2,846
0,4,2,846
0,4,2,846
0,4,2,846
0,4,2,846
0,4,2,846
0,4,2,846
0,4,2,846
0,4,2,846
0,4,2,846
0,4,2,846
0,4,2,846
0,2,3,747
0,6,3,847
0,2,3,747
0,2,3,848
0,2,3,848
0,2,3,848
0,2,3,848
0,2,3,848
0,2,3,848
0,2,3,848
0,2,3,848
0,4,2,24
0,4,3,822
0,4,2,844
0,4,3,48
0,2,2,837
1,2,2,844
0,4,2,215
0,6,3,829
0,2,3,822
0,1,3,824
0,5,2,747
0,2,3,491
0,2,3,491
0,6,2,847
0,6,3,824
0,6,3,747
0,7,3,707
0,6,3,847
0,9,3,730
0,2,3,822
0,4,3,822
0,7,3,511
0,1,3,747
1,2,3,822
0,6,3,730
0,6,3,730
1,4,3,822
0,4,4,822
0,5,4,37
0,6,4,850
0,6,4,850
0,6,4,850
0,6,4,850
0,6,4,850
0,6,4,850
0,4,4,822
0,6,4,844
0,4,4,822
0,2,4,265
0,2,4,265
0,5,4,822
0,6,4,463
0,6,4,822
1,6,4,851
0,1,5,706
0,6,4,747
0,4,5,822
0,6,4,822
0,8,5,822
0,7,5,822
0,2,5,822
0,6,5,822
0,4,4,565
0,6,4,747
0,6,5,852
0,6,5,852
0,6,5,852
0,6,5,852
0,6,5,852
0,6,5,852
0,5,5,476
0,8,4,477
0,2,4,822
0,6,5,73
0,6,5,73
0,4,1,114
0,4,2,853
0,4,2,854
0,2,2,781
0,2,1,694
0,1,1,740
0,3,1,855
0,3,1,575
0,3,1,855
0,3,1,856
0,3,1,831
0,3,1,857
0,3,1,858
0,3,1,858
0,7,1,855
0,7,1,855
0,7,1,855
0,7,1,855
0,7,1,261
0,1,1,855
0,3,1,859
0,3,1,263
0,3,1,855
0,1,1,855
0,1,1,855
0,1,1,855
0,1,1,855
0,3,1,859
0,2,2,860
0,3,1,855
0,2,1,862
0,3,1,855
0,3,1,863
0,3,1,261
0,3,1,855
0,3,1,858
0,3,1,263
0,3,1,575
0,1,1,553
0,7,1,855
0,7,1,855
0,3,1,781
0,3,1,855
0,3,1,698
0,3,1,855
0,3,1,855
0,3,1,855
0,7,1,855
0,7,1,855
0,7,1,855
0,7,1,855
0,7,1,855
0,7,1,855
0,7,1,855
0,7,1,855
0,7,1,855
0,7,1,855
0,7,1,855
0,7,1,855
0,7,1,855
0,7,1,855
0,7,1,855
0,7,1,855
0,7,1,855
0,7,1,855
0,7,1,855
0,7,1,855
0,7,1,855
0,7,1,855
0,7,1,855
0,7,1,855
0,7,1,855
0,7,1,855
0,7,1,855
0,4,2,855
0,4,2,855
0,4,3,855
0,4,3,855
0,4,2,864
0,5,2,855
0,2,2,855
0,2,3,855
0,6,2,672
0,2,3,855
0,4,2,213
0,4,2,214
0,4,2,214
0,2,2,865
0,4,2,855
0,5,2,855
0,5,2,855
0,5,3,855
0,5,3,855
0,2,2,855
0,7,3,263
0,2,3,855
0,2,2,855
0,2,2,263
0,2,2,862
0,1,2,855
0,5,2,855
0,5,2,855
1,2,3,855
0,8,2,855
0,4,2,866
0,5,2,855
0,2,3,242
0,2,3,781
0,2,2,866
0,6,3,726
0,2,2,740
0,2,2,855
0,5,2,855
0,2,2,866
0,2,2,283
0,2,2,283
0,2,2,855
0,4,2,215
0,7,2,343
1,4,2,213
0,4,2,855
1,2,2,866
0,2,2,858
0,6,3,672
0,2,2,855
1,2,2,855
0,2,2,11
0,2,2,11
0,1,2,858
0,7,2,263
0,4,3,869
0,4,3,855
0,5,3,855
0,5,3,855
0,4,3,855
0,2,3,855
0,2,3,855
0,6,3,857
0,4,3,855
0,5,3,698
0,1,3,672
0,2,3,855
0,4,3,454
1,4,3,855
1,2,3,193
0,7,3,866
0,2,3,855
0,1,3,870
0,2,3,855
0,2,3,736
0,2,3,736
0,2,3,736
0,2,3,736
0,1,3,870
0,1,3,870
1,6,3,866
0,6,4,855
0,4,4,855
0,6,4,418
0,6,4,418
0,6,4,418
0,6,4,418
0,6,4,418
0,6,4,418
0,6,4,418
0,6,4,418
0,6,4,418
0,6,4,418
0,6,4,418
0,6,4,418
0,6,4,418
0,6,4,418
0,6,4,418
0,6,4,418
0,6,4,418
0,6,4,418
0,6,4,418
0,6,4,418
0,6,4,418
0,6,4,418
0,6,4,418
0,6,4,418
0,6,4,418
0,6,4,418
0,6,4,418
0,6,4,418
0,6,4,418
0,6,4,418
0,6,4,418
0,6,4,418
0,6,4,418
0,6,4,418
0,6,4,855
0,6,4,810
0,6,4,810
0,7,4,855
0,7,4,266
0,7,4,866
0,6,4,740
0,6,5,831
0,6,4,855
0,6,4,185
0,6,4,855
0,5,4,372
0,8,4,855
0,7,4,855
0,6,5,855
0,5,5,476
1,5,5,855
0,8,4,477
0,6,5,73
0,6,5,73
0,7,5,855
0,7,4,855
0,7,4,866
0,7,5,285
0,7,5,285
0,7,5,285
0,4,1,871
0,2,1,1
0,3,1,872
0,3,1,872
0,3,1,872
0,3,1,872
0,3,1,872
0,7,1,873
0,3,1,873
0,3,1,638
0,3,1,479
0,3,1,479
0,3,1,500
0,3,1,500
0,3,1,732
0,3,1,871
0,3,1,871
0,3,1,875
0,3,1,871
0,3,1,875
0,3,1,871
0,3,1,871
0,7,1,873
0,3,1,276
0,3,1,871
0,3,1,871
0,3,1,871
0,3,1,17
0,3,1,17
0,3,1,17
0,3,1,17
0,3,1,17
0,3,1,17
0,3,1,17
0,3,1,17
0,3,1,17
0,3,1,17
0,3,1,17
0,3,1,461
0,3,1,461
0,3,1,873
0,3,1,387
0,3,1,479
0,2,2,276
0,3,1,387
1,3,1,871
0,2,2,871
0,3,1,366
0,3,1,366
0,1,1,871
0,3,1,871
0,1,1,875
0,3,1,871
0,3,1,871
0,3,1,871
0,3,1,871
0,3,1,871
0,4,2,276
0,2,2,873
0,7,2,873
0,2,2,387
0,2,2,276
0,6,3,276
0,4,3,366
0,2,2,169
0,2,2,169
0,2,2,492
0,2,2,492
0,2,2,871
0,1,2,276
0,1,3,276
0,1,2,276
0,4,3,871
0,2,3,366
0,2,3,704
0,2,3,704
0,2,3,704
0,2,2,11
1,4,2,871
0,2,2,41
0,2,2,366
1,2,2,873
0,7,2,42
0,2,3,488
0,2,3,488
0,7,3,707
0,2,3,366
1,6,3,50
1,6,3,50
1,6,3,50
0,5,3,876
0,5,3,876
0,5,3,876
0,5,3,876
0,5,3,876
0,5,3,876
0,5,3,876
0,5,3,876
0,5,3,876
0,5,3,876
0,5,3,876
0,5,3,876
0,5,3,876
1,2,3,169
1,2,3,169
0,6,4,366
0,2,4,366
0,5,4,276
0,2,4,366
0,6,4,875
0,6,4,56
0,7,4,209
0,7,4,209
0,6,4,276
0,1,4,871
0,5,5,476
1,4,5,876
1,4,5,876
1,4,5,876
1,4,5,876
1,4,5,876
1,4,5,876
1,4,5,876
1,4,5,876
1,4,5,876
1,4,5,876
1,4,5,876
1,4,5,876
1,4,5,876
0,6,5,73
0,6,5,276
0,5,4,86
1,1,5,601
1,4,5,876
1,4,5,876
1,4,5,876
1,4,5,876
1,4,5,876
1,4,5,876
1,4,5,876
1,4,5,876
1,4,5,876
1,4,5,876
1,4,5,876
1,4,5,876
1,4,5,876
0,2,2,138
0,4,2,413
0,4,2,413
0,2,2,69
0,4,1,413
0,4,2,413
0,4,2,413
0,1,1,141
0,3,1,413
0,1,1,413
0,1,1,413
0,1,1,413
0,1,1,413
0,1,1,413
0,1,1,69
0,1,1,69
0,1,1,69
0,7,1,69
0,3,1,413
0,7,1,413
0,7,1,413
0,7,1,413
0,7,1,413
0,7,1,413
0,7,1,413
0,7,1,413
0,7,1,413
0,7,1,413
0,3,1,594
0,1,1,69
0,2,1,594
0,1,1,69
0,7,1,141
0,3,2,413
0,7,1,141
0,3,1,413
0,3,1,818
0,2,2,413
0,3,1,413
0,3,1,413
0,7,1,69
0,7,1,69
0,7,1,69
0,1,1,413
0,1,1,141
0,7,1,624
0,3,1,878
0,3,1,878
0,5,1,878
1,3,1,413
1,3,1,818
1,3,1,413
0,3,1,322
0,3,1,413
0,7,1,413
0,7,1,413
0,1,1,69
0,1,1,69
0,3,1,594
0,3,1,141
0,3,1,413
0,1,2,69
0,2,2,413
0,2,2,413
0,5,2,413
0,4,2,215
0,2,2,413
0,2,3,491
0,2,3,491
0,8,2,493
0,2,2,508
0,2,2,508
0,2,2,447
0,2,2,11
0,2,2,41
0,7,2,42
0,4,2,413
1,8,2,493
0,4,3,413
0,5,3,149
0,7,3,707
0,5,3,413
0,7,3,413
1,2,3,879
0,6,3,413
0,7,3,624
0,7,3,413
0,7,3,413
0,7,4,118
0,7,4,118
0,7,4,118
0,2,4,265
0,2,4,265
0,2,4,265
0,6,4,878
1,7,4,468
1,7,4,468
1,7,4,468
1,6,4,818
0,7,4,413
0,7,4,413
1,6,4,878
0,7,4,413
0,2,4,413
0,8,4,477
0,6,5,73
0,7,5,285
0,7,5,285
0,7,5,285
0,7,4,413
0,7,5,413
0,1,1,881
0,5,1,806
0,2,2,882
0,1,1,547
0,7,1,882
0,3,1,883
0,1,1,881
0,3,1,881
0,3,1,882
0,3,1,881
0,3,1,881
0,3,1,882
1,3,1,806
0,7,2,883
0,3,1,881
0,1,1,881
0,1,1,881
0,1,1,881
0,3,1,885
0,1,1,881
0,3,1,881
0,3,2,886
0,1,1,881
0,3,1,881
0,4,2,882
0,3,1,888
0,3,1,322
0,1,1,882
0,1,1,882
0,3,1,890
0,3,1,890
0,3,1,881
0,3,1,881
0,3,1,881
0,3,1,881
0,3,1,881
0,3,1,891
1,3,1,881
0,3,1,881
0,3,1,881
0,3,1,881
0,3,2,881
0,2,1,881
0,2,1,881
0,4,2,723
0,4,2,881
0,5,3,881
0,4,2,881
0,4,2,881
0,4,2,881
0,4,3,881
0,2,2,881
0,2,3,242
0,1,3,881
0,5,2,881
0,5,2,881
0,5,3,881
0,4,2,881
0,2,2,881
0,4,2,215
0,7,2,343
0,2,3,881
0,1,2,881
0,4,2,891
0,2,3,491
0,7,2,891
0,4,2,881
0,2,2,881
0,2,3,892
0,2,3,892
0,2,3,892
0,2,3,892
0,2,3,892
0,8,2,493
0,4,2,547
0,2,2,11
0,2,2,882
1,7,3,881
0,2,2,41
1,4,2,891
0,2,2,882
0,4,2,881
0,2,3,881
0,4,3,881
0,5,3,881
0,2,3,882
0,4,3,881
0,6,3,161
0,5,3,881
0,6,3,882
0,1,3,893
0,6,3,882
0,4,3,881
1,2,3,881
0,6,3,881
1,5,3,881
0,7,3,881
0,4,3,881
1,2,3,879
0,1,3,160
0,6,4,882
0,2,4,891
0,6,4,98
0,6,4,874
0,2,4,265
0,6,4,881
0,6,4,882
1,6,4,891
0,5,4,882
1,7,4,468
0,6,4,882
0,6,4,881
0,4,4,881
0,2,4,881
0,6,4,882
0,1,4,881
0,7,4,881
0,7,4,881
0,6,4,881
0,4,4,881
0,6,5,890
0,6,5,890
0,6,5,888
0,5,5,476
0,8,4,477
0,6,5,73
0,6,5,881
0,7,5,285
0,7,5,285
0,7,5,285
0,7,2,365
0,2,2,365
0,2,1,817
0,3,1,817
0,3,1,817
0,1,2,365
0,2,1,365
0,3,1,365
0,7,1,365
0,1,1,312
0,3,1,817
0,3,1,365
0,3,1,365
0,3,1,817
0,3,1,365
0,3,1,365
1,3,1,365
0,3,1,365
0,3,1,365
0,3,1,365
0,3,1,365
0,3,1,365
0,2,2,817
0,7,1,817
0,3,1,365
0,1,2,894
0,1,2,894
0,5,2,365
0,3,1,365
0,7,1,365
1,3,1,365
0,3,1,365
0,7,1,365
0,3,1,365
0,3,2,365
0,7,1,365
0,7,1,365
0,7,1,365
0,7,1,365
0,4,2,817
1,2,2,817
0,2,2,365
0,2,3,365
1,2,2,365
0,2,2,365
0,4,2,215
0,7,2,343
0,2,2,11
0,2,2,11
0,2,2,41
0,4,2,365
0,7,2,42
1,4,2,817
0,7,3,894
0,7,3,894
0,6,3,365
0,4,3,46
0,1,3,365
1,6,3,365
0,7,2,894
0,7,2,894
0,7,3,894
0,7,3,894
0,7,2,894
0,7,2,894
0,4,3,365
0,4,3,297
0,7,3,707
0,7,3,707
0,12,3,365
0,4,3,454
0,2,3,365
0,7,3,817
1,2,3,365
0,2,3,365
0,2,3,365
0,1,3,365
0,1,3,838
0,1,3,895
1,4,3,365
0,7,3,817
0,5,3,365
0,2,3,365
1,2,3,41
1,2,3,365
1,2,3,896
1,2,3,896
0,4,4,365
1,2,4,365
0,7,4,209
0,1,4,61
0,1,4,61
0,7,4,365
0,6,4,365
0,1,4,780
1,6,4,365
1,6,4,365
0,6,4,365
0,6,5,365
0,6,5,73
0,7,5,285
0,1,5,817
0,7,4,365
0,1,5,365
0,7,5,365
0,7,5,817
0,7,5,365
0,7,4,894
0,7,4,894
0,7,5,40
1,6,5,365
0,7,5,40
0,4,2,157
0,4,1,114
0,2,2,683
0,4,2,796
0,4,2,293
0,5,2,683
0,4,2,293
0,4,2,293
0,4,2,754
0,5,1,293
0,2,1,683
0,5,2,825
0,5,2,825
0,2,2,868
0,2,2,898
0,4,2,796
0,2,2,796
0,2,2,899
0,2,1,900
0,4,2,589
0,4,2,43
0,5,2,884
0,4,1,157
0,5,2,293
0,3,1,901
0,1,1,66
0,1,1,13
0,1,1,293
0,3,1,423
0,3,1,902
0,3,1,293
0,3,1,589
0,3,1,293
0,3,1,903
0,7,1,293
0,3,1,293
0,3,1,836
0,4,1,293
0,4,2,345
0,3,1,293
0,3,1,43
0,3,1,288
0,3,1,904
0,3,1,905
0,3,1,906
0,3,1,905
0,3,1,836
1,3,1,293
0,1,1,907
0,7,2,908
0,1,1,908
0,1,1,908
0,1,1,908
0,3,1,909
0,1,1,784
0,7,1,889
0,1,1,784
0,1,1,784
0,3,1,293
0,2,2,293
0,4,2,796
0,4,2,350
0,4,3,293
0,4,3,293
0,4,2,293
0,4,3,773
0,4,3,773
0,4,3,773
0,4,3,773
0,4,3,773
0,6,3,386
0,6,3,386
0,6,3,386
0,6,3,386
0,2,2,683
0,4,2,796
0,2,3,898
0,2,2,75
0,4,2,293
0,5,3,880
0,4,3,836
0,4,3,345
0,4,2,889
0,4,2,293
0,2,2,899
0,6,3,293
0,2,2,66
1,4,3,907
0,6,3,43
0,2,2,910
0,4,2,898
0,2,3,293
0,4,2,293
0,7,2,796
0,5,2,66
0,2,3,66
0,4,3,13
0,2,2,353
0,2,2,353
0,2,2,353
0,4,3,293
0,2,2,911
0,2,3,242
0,2,2,898
0,1,2,796
0,6,2,901
0,2,2,303
0,4,2,66
0,2,2,796
0,2,2,293
0,5,2,897
1,6,3,303
0,4,2,423
0,2,2,912
0,5,2,246
0,4,2,215
0,4,2,215
0,4,3,250
0,2,3,913
0,2,3,913
0,2,3,913
0,2,3,913
0,2,3,913
0,2,3,913
0,2,3,913
0,2,3,913
0,5,3,293
0,2,2,293
0,6,3,401
0,6,3,293
0,4,3,293
0,7,3,293
0,4,3,914
0,2,3,66
0,6,3,303
0,6,3,814
0,5,3,76
0,6,3,161
0,4,3,293
0,6,3,915
0,6,3,915
0,6,3,915
0,4,3,454
0,6,3,916
1,2,3,193
1,2,3,903
0,1,3,271
0,7,3,293
1,4,3,293
0,7,3,293
0,4,4,423
0,2,4,914
0,5,4,66
0,5,4,66
0,4,4,293
0,4,4,293
0,6,4,66
0,6,4,900
0,4,4,293
0,4,4,897
0,6,4,825
0,6,4,825
1,2,4,814
0,4,4,911
0,6,4,572
0,7,4,293
0,6,4,796
0,6,4,264
0,7,4,266
1,4,4,423
0,7,4,796
1,4,4,293
1,6,4,849
0,6,4,293
0,6,5,293
0,4,4,293
0,6,4,293
0,6,5,195
0,7,4,909
0,6,5,836
0,2,4,917
0,2,4,917
0,2,4,917
0,2,4,917
0,2,4,917
0,2,4,917
0,2,4,917
0,2,4,917
0,2,4,917
0,2,4,917
0,2,4,917
0,2,4,917
0,2,4,917
0,5,4,372
0,1,5,286
0,6,5,293
0,6,4,918
0,6,4,683
0,6,5,293
0,5,5,476
0,8,4,477
0,6,4,246
0,6,5,73
0,6,5,73
0,6,5,73
0,6,5,73
0,6,5,73
0,6,5,73
0,6,5,73
1,6,4,299
0,6,4,293
0,5,4,293
0,7,5,293
0,4,2,919
0,2,2,557
0,3,1,466
0,3,1,647
0,1,1,647
0,1,1,224
0,1,2,920
0,3,1,466
0,4,2,809
0,3,1,466
0,3,1,921
0,3,1,922
0,3,1,923
0,3,1,922
0,3,1,924
0,1,1,312
0,3,1,466
0,3,1,466
0,3,1,925
0,3,1,925
0,7,1,546
0,3,1,922
0,3,1,466
0,7,1,926
0,3,1,466
0,3,1,15
0,3,1,927
0,7,1,922
0,3,1,923
0,3,1,466
0,7,1,922
0,7,1,922
0,7,1,922
0,7,1,156
0,5,1,928
0,4,2,466
0,3,1,919
0,7,1,926
1,3,1,466
0,3,1,927
0,3,1,927
0,3,1,929
0,3,1,466
0,3,1,466
0,3,1,466
0,3,1,466
0,3,1,224
0,7,1,466
0,7,1,466
0,3,1,928
0,7,1,466
0,7,1,466
0,7,1,466
0,3,1,930
0,1,1,931
0,3,1,922
0,3,1,647
0,3,1,156
0,3,1,867
0,7,1,466
0,3,1,290
0,2,1,466
0,4,2,466
0,2,2,466
0,5,2,466
0,4,3,466
0,2,3,466
1,2,2,466
0,2,2,923
0,2,2,466
0,4,2,921
0,4,3,466
0,6,3,647
0,2,2,867
0,2,2,471
0,2,2,471
0,7,2,753
0,7,2,753
0,2,2,466
0,2,2,923
0,5,2,466
0,7,2,546
0,4,2,215
0,1,3,931
0,2,2,11
0,7,2,546
0,7,2,466
1,2,2,809
0,8,2,466
0,7,2,926
0,2,2,41
0,4,3,466
0,2,3,466
0,7,3,52
1,2,3,44
0,7,3,352
1,2,3,466
0,6,3,928
0,2,3,466
0,6,3,921
0,6,3,471
0,6,3,471
0,1,3,160
0,6,4,466
0,6,4,466
0,6,4,922
0,6,4,928
1,2,4,466
0,6,4,546
0,6,4,931
0,6,4,845
0,4,4,647
0,7,4,209
0,7,4,209
0,7,4,209
0,7,4,209
0,1,5,156
0,7,5,466
0,6,4,466
0,5,5,476
0,8,4,477
0,6,5,73
0,6,5,73
0,8,4,466
0,6,5,932
0,7,4,466
0,7,5,285
0,7,5,285
0,7,5,285
0,7,4,466
0,2,1,933
0,2,1,933
1,1,1,934
0,3,2,830
0,5,1,935
0,4,1,439
0,2,1,936
0,4,2,68
0,2,2,936
0,2,1,934
0,3,1,936
0,3,1,68
0,7,1,937
0,7,1,937
0,7,1,937
0,7,2,937
0,1,1,939
0,1,1,939
0,1,1,939
0,3,1,934
0,3,1,934
0,3,1,934
0,3,1,940
0,3,1,942
0,3,1,942
0,3,1,887
0,7,1,936
0,7,2,68
0,3,1,936
0,3,1,936
0,3,1,943
0,2,2,944
1,3,1,496
0,3,1,945
0,3,1,500
0,3,1,500
0,3,1,500
0,3,1,500
0,3,1,945
0,3,1,945
0,3,1,946
0,4,2,940
0,2,2,439
0,1,1,942
0,1,1,942
0,1,1,942
0,1,1,942
0,3,1,947
0,7,1,313
0,3,1,948
0,3,1,948
0,7,1,313
0,5,2,936
0,3,1,947
0,3,1,936
0,3,1,535
0,3,1,439
0,3,1,535
0,3,1,936
0,3,2,679
0,3,2,679
0,3,2,679
0,3,2,679
0,3,1,936
0,3,1,949
0,3,1,313
0,3,1,313
0,3,1,313
0,3,1,313
0,3,1,887
0,3,1,395
0,3,1,936
0,3,1,407
0,3,1,407
0,4,2,887
0,4,2,349
0,6,3,689
0,2,3,667
0,2,3,667
0,2,3,667
0,2,2,934
0,2,2,934
0,4,2,936
0,7,2,936
0,2,2,938
0,2,2,772
0,2,3,674
0,1,2,772
0,1,2,772
0,4,2,936
0,2,2,951
0,2,3,242
0,7,3,936
0,6,3,349
0,2,2,830
0,2,2,952
0,2,2,954
0,2,2,954
0,2,2,954
0,2,3,936
0,7,2,936
0,2,2,861
0,2,2,861
0,2,2,861
0,2,2,861
0,4,2,215
0,1,3,772
0,1,3,955
0,7,2,936
0,1,3,936
0,2,2,936
0,2,2,349
0,2,3,936
0,7,2,937
0,2,2,11
0,2,2,11
0,7,2,956
0,7,2,956
1,2,3,954
1,2,3,954
1,2,3,954
0,9,2,689
1,2,2,68
0,7,2,936
0,7,2,349
0,6,3,689
0,2,3,679
0,2,3,679
0,2,3,679
0,2,3,679
0,6,3,349
0,4,3,936
0,4,3,936
0,2,3,936
0,6,3,947
0,6,3,957
0,6,3,68
1,4,3,936
0,2,3,936
0,3,3,830
0,6,3,161
0,8,3,936
0,4,3,454
0,7,3,936
0,2,3,936
0,6,3,772
0,6,3,772
0,1,3,830
0,6,3,349
0,2,3,349
0,2,3,539
0,2,3,539
0,2,3,539
0,2,3,539
0,2,3,539
0,2,3,539
0,2,3,539
0,2,3,539
0,2,3,539
0,2,3,539
0,2,3,539
0,2,3,539
0,2,3,539
0,2,3,539
0,2,3,539
0,2,3,539
0,2,3,539
0,2,3,539
0,2,3,539
0,2,3,539
0,2,3,539
0,2,3,539
0,2,3,539
0,2,3,539
0,2,3,539
0,2,3,539
0,8,3,936
0,6,3,958
0,6,4,957
0,4,4,936
0,6,4,935
0,2,4,959
0,2,4,959
0,2,4,959
0,2,4,959
0,2,4,959
0,2,4,959
0,2,4,959
0,2,4,959
0,2,4,959
0,5,4,37
0,6,4,936
0,4,4,936
0,6,4,935
0,1,4,877
0,6,4,349
0,6,4,772
0,6,4,772
0,6,4,264
0,7,4,936
0,6,4,936
1,4,4,936
0,6,4,588
0,7,4,936
0,5,5,476
0,8,4,477
0,6,5,73
0,6,5,73
0,6,5,936
0,2,5,936
0,7,4,936
0,6,5,936
0,7,5,936
0,7,5,285
0,7,5,285
0,7,5,285
0,7,5,285
0,7,5,285
0,1,1,960
0,4,2,48
0,4,1,114
0,5,1,960
0,2,1,960
0,5,1,382
0,4,2,960
0,2,2,961
0,2,1,962
0,2,2,960
0,3,1,963
0,1,1,962
0,1,1,962
0,1,1,757
0,1,1,756
0,1,1,756
0,1,1,756
0,7,1,963
0,1,1,960
0,1,1,960
0,1,1,282
0,3,1,963
0,7,1,963
0,7,1,963
0,7,1,963
0,7,1,681
0,7,1,681
0,3,1,426
0,3,1,963
0,1,1,964
0,7,1,681
0,7,1,963
0,1,1,960
0,7,1,681
0,7,1,681
0,3,1,964
0,3,1,964
0,3,1,964
0,1,1,960
0,3,1,960
0,7,1,681
0,3,1,587
0,7,1,960
0,7,1,963
0,7,1,960
0,7,1,960
0,7,1,681
0,7,1,681
0,1,1,273
0,7,1,960
0,7,1,960
0,3,1,587
0,3,1,587
0,3,2,960
0,7,1,176
0,5,3,190
0,5,3,190
0,5,3,190
0,5,3,190
0,5,3,190
0,2,2,273
0,5,3,176
0,5,2,964
0,2,3,587
0,2,3,964
0,4,3,960
0,4,2,960
0,2,2,282
0,2,2,282
0,2,3,788
0,4,2,960
0,2,2,960
0,4,2,960
0,1,2,382
0,4,2,960
0,2,2,176
0,7,3,960
0,2,3,232
0,1,2,176
0,1,2,960
0,7,2,960
0,2,2,960
0,4,3,960
0,2,2,960
0,1,3,965
0,1,2,966
0,2,3,960
0,2,2,964
0,2,2,273
0,4,2,960
0,7,2,960
0,5,2,960
0,2,3,960
0,7,3,960
0,7,2,960
0,2,2,962
0,7,3,176
0,7,3,176
0,2,2,960
0,2,3,964
1,2,3,967
1,2,3,967
1,2,3,967
1,2,3,967
1,2,3,967
1,2,3,967
1,2,3,967
1,2,3,967
1,2,3,967
1,6,3,587
0,8,2,960
0,2,3,242
0,5,2,962
0,2,3,960
0,2,2,960
0,2,2,963
0,1,3,960
0,5,2,966
0,7,2,960
0,1,2,968
0,4,3,48
0,5,2,960
1,2,2,176
0,2,3,960
0,5,3,960
0,1,3,279
0,8,3,232
0,1,3,966
0,4,3,960
0,2,3,960
0,7,3,960
0,2,3,279
0,6,3,161
0,7,3,960
0,7,3,960
0,5,3,960
0,2,3,969
0,4,3,454
0,4,3,454
0,6,3,964
0,7,3,963
0,4,3,963
0,6,3,232
0,5,3,960
0,4,3,960
0,7,3,960
1,2,3,960
0,2,3,970
0,2,3,970
0,2,3,970
0,2,3,970
0,2,3,970
0,2,3,970
0,2,3,970
0,2,3,970
0,2,3,970
0,2,3,970
0,2,3,970
0,2,3,960
0,2,3,960
0,2,3,971
0,2,3,971
0,2,3,971
0,2,3,971
0,2,3,971
0,2,3,971
0,2,3,971
0,2,3,960
0,2,3,960
0,3,3,960
0,6,3,972
0,6,3,457
0,2,3,757
0,2,3,960
0,7,3,176
0,6,4,960
0,5,4,804
0,5,4,804
0,5,4,804
0,5,4,804
0,5,4,804
0,6,4,964
0,6,4,963
0,4,4,960
0,7,4,960
0,7,4,960
0,1,4,172
0,6,4,176
0,6,4,960
0,8,4,963
0,1,4,941
0,1,4,941
0,1,4,941
0,8,4,960
0,1,4,960
0,1,4,960
0,7,4,960
0,4,4,176
1,7,4,960
0,2,4,265
0,2,4,265
0,2,4,265
0,2,4,265
0,2,4,265
0,2,4,960
0,1,4,973
0,7,4,279
0,5,4,960
0,7,4,176
0,7,4,960
0,7,4,960
1,2,4,960
0,2,4,960
0,2,4,960
0,4,4,960
0,2,4,578
0,2,4,578
0,2,4,578
0,2,4,578
0,2,4,578
0,2,4,578
0,2,4,578
0,2,4,578
0,2,4,578
0,7,5,960
0,8,5,962
0,1,4,960
0,6,4,185
0,6,4,960
0,6,5,960
0,7,4,176
0,6,5,195
0,6,4,964
1,2,4,960
0,6,4,960
0,2,5,960
0,1,4,960
0,6,4,960
0,1,4,960
0,1,4,960
0,1,4,960
0,1,5,960
0,1,5,960
0,1,5,960
0,7,5,176
0,4,5,960
0,8,5,960
0,6,4,960
0,6,4,960
0,1,5,960
0,6,4,974
0,4,2,186
0,2,1,696
0,3,1,186
0,7,1,186
0,7,2,186
0,7,2,186
0,7,2,186
0,3,1,696
0,7,1,186
1,3,1,186
0,3,2,717
0,2,1,696
0,7,2,186
0,4,1,186
0,3,1,787
0,7,1,186
0,7,1,186
0,2,2,186
0,3,1,186
0,3,2,717
0,3,1,55
0,7,1,186
0,7,1,186
0,7,1,186
1,4,2,186
0,7,1,186
1,7,1,696
0,3,1,186
0,4,3,186
0,4,3,186
0,2,2,186
0,1,3,186
0,7,3,186
0,2,3,717
0,2,2,11
0,6,3,787
0,2,2,55
1,2,2,717
0,6,3,186
0,2,2,41
0,1,3,186
1,2,2,186
1,2,2,186
0,1,3,186
1,2,3,712
0,7,2,186
0,1,3,186
0,1,2,186
0,7,3,186
0,5,3,186
0,5,3,186
0,1,3,186
0,1,3,186
1,5,3,186
1,4,3,186
1,4,3,186
1,2,3,41
1,5,3,55
1,5,3,55
0,1,3,186
1,4,4,186
0,6,4,186
1,4,4,186
0,6,4,186
0,7,4,186
1,6,4,787
1,6,4,186
1,6,4,186
1,5,4,713
0,6,5,186
0,5,5,476
0,6,5,73
0,7,5,83
1,6,5,186
0,7,5,83
0,5,4,186
0,6,5,950
0,6,5,950
1,6,4,490
1,6,5,975
0,4,2,275
0,2,2,275
0,2,2,275
0,2,2,111
0,3,1,275
0,3,1,976
0,3,1,275
0,3,1,976
0,3,1,976
0,3,1,111
0,3,1,275
0,7,1,275
0,3,1,111
0,3,1,976
0,3,1,275
0,3,1,111
0,3,1,275
0,3,1,275
0,1,1,275
0,2,1,275
0,3,1,111
0,3,1,111
0,3,1,111
0,3,1,111
0,3,1,275
0,3,1,977
0,3,1,977
0,3,1,977
0,3,1,977
0,3,1,275
0,2,1,275
1,3,1,976
0,3,1,111
0,2,2,275
0,2,2,976
0,3,1,170
0,3,1,170
0,3,1,170
0,2,1,976
0,3,1,111
0,3,1,953
0,3,1,111
0,3,2,275
0,3,1,275
0,3,1,275
0,3,1,275
0,3,1,111
0,3,1,275
0,3,1,275
0,3,1,953
0,3,1,111
0,3,1,275
0,1,1,275
0,3,1,275
1,3,1,275
0,1,1,275
1,3,1,275
0,3,1,978
0,3,1,978
0,3,1,111
0,3,1,111
1,3,1,275
0,4,2,275
0,4,2,275
0,2,2,275
0,5,2,111
0,6,3,111
0,2,2,976
0,2,2,976
0,2,2,11
0,6,3,953
0,2,3,977
0,2,3,977
0,2,3,977
0,2,3,977
0,2,2,41
1,2,3,49
1,2,2,342
1,2,2,342
1,2,2,342
0,2,2,153
0,1,2,977
0,1,2,977
0,1,2,977
0,1,2,977
1,2,2,711
0,6,3,275
0,2,3,111
0,6,3,977
0,6,3,977
0,6,3,977
0,6,3,977
0,2,3,979
0,7,3,53
0,4,3,275
1,6,3,275
0,4,3,275
1,5,3,16
0,1,3,111
1,2,3,41
0,7,3,751
1,6,4,976
1,6,4,275
0,2,4,789
0,1,4,31
0,1,4,31
0,1,4,31
1,6,4,275
0,6,4,976
1,6,4,275
0,6,5,73
1,1,5,601
0,6,5,275
0,7,5,83
1,3,5,980
1,3,5,980
0,7,5,83
